Tarih,Şimdi,Açılış,Yüksek,Düşük,Hac.,Fark %
13.05.2024,"195,20","200,00","203,00","194,00","2,48M","-1,91%"
10.05.2024,"199,00","200,00","206,00","198,40","2,28M","-0,50%"
09.05.2024,"200,00","195,00","200,10","193,20","1,75M","3,15%"
08.05.2024,"193,90","196,50","197,40","192,90","1,90M","-1,07%"
07.05.2024,"196,00","193,00","196,80","190,50","2,10M","2,03%"
06.05.2024,"192,10","195,00","195,90","191,20","1,99M","-0,72%"
03.05.2024,"193,50","186,10","194,50","186,10","2,03M","4,09%"
02.05.2024,"185,90","183,40","187,30","183,40","2,57M","1,86%"
30.04.2024,"182,50","183,00","187,90","180,70","2,91M","-0,05%"
29.04.2024,"182,60","182,50","183,70","178,00","2,79M","1,33%"
26.04.2024,"180,20","181,20","184,20","178,70","2,72M","-0,55%"
25.04.2024,"181,20","176,50","181,50","175,60","2,90M","2,72%"
24.04.2024,"176,40","175,70","178,40","172,30","2,06M","0,80%"
22.04.2024,"175,00","173,40","178,80","173,00","1,96M","1,98%"
19.04.2024,"171,60","169,00","173,50","167,50","2,65M","-0,23%"
18.04.2024,"172,00","167,80","172,50","165,70","2,27M","3,12%"
17.04.2024,"166,80","163,40","169,60","162,00","3,95M","3,09%"
16.04.2024,"161,80","156,50","163,70","156,00","4,10M","1,95%"
15.04.2024,"158,70","167,50","167,50","157,10","5,33M","-5,54%"
09.04.2024,"168,00","168,00","169,00","166,60","679,70K","0,18%"
08.04.2024,"167,70","163,80","167,70","163,00","2,79M","2,51%"
05.04.2024,"163,60","160,00","164,10","159,60","3,76M","2,76%"
04.04.2024,"159,20","154,80","160,50","154,10","5,49M","2,91%"
03.04.2024,"154,70","152,50","154,90","149,80","3,79M","1,44%"
02.04.2024,"152,50","155,50","160,00","151,30","7,37M","-1,61%"
01.04.2024,"155,00","154,00","159,50","151,40","9,39M","1,37%"
29.03.2024,"152,90","151,30","153,40","150,80","2,04M","1,12%"
28.03.2024,"151,20","148,10","151,30","147,50","2,46M","2,37%"
27.03.2024,"147,70","146,90","151,10","145,70","3,22M","1,16%"
26.03.2024,"146,00","150,00","151,00","144,50","2,21M","-2,67%"
25.03.2024,"150,00","154,40","155,10","148,50","5,54M","-2,91%"
22.03.2024,"154,50","151,60","156,80","147,40","6,55M","1,58%"
21.03.2024,"152,10","145,80","153,90","145,40","5,61M","4,82%"
20.03.2024,"145,10","140,60","145,70","139,40","5,21M","3,27%"
19.03.2024,"140,50","137,80","140,90","137,10","1,27M","2,18%"
18.03.2024,"137,50","139,90","140,90","136,50","1,58M","-0,79%"
15.03.2024,"138,60","140,50","140,50","137,30","2,98M","-0,36%"
14.03.2024,"139,10","149,70","149,70","138,80","4,18M","-6,14%"
13.03.2024,"148,20","152,90","153,20","147,80","2,03M","-3,07%"
12.03.2024,"152,90","152,00","152,90","147,40","6,23M","1,80%"
11.03.2024,"150,20","149,30","152,70","144,90","4,54M","1,90%"
08.03.2024,"147,40","143,60","148,70","143,50","2,15M","2,79%"
07.03.2024,"143,40","139,00","143,60","138,90","2,86M","3,76%"
06.03.2024,"138,20","146,20","146,30","137,70","4,27M","-5,15%"
05.03.2024,"145,70","148,20","149,00","143,30","2,89M","-1,69%"
04.03.2024,"148,20","150,90","151,20","146,10","1,32M","-1,13%"
01.03.2024,"149,90","156,00","157,20","149,10","2,22M","-3,73%"
29.02.2024,"155,70","148,30","157,20","148,30","3,46M","5,56%"
28.02.2024,"147,50","152,00","152,40","147,30","1,78M","-2,83%"
27.02.2024,"151,80","154,00","154,20","150,50","1,41M","-1,30%"
26.02.2024,"153,80","153,90","155,80","153,00","1,57M","0,46%"
23.02.2024,"153,10","155,70","156,70","152,50","1,36M","-1,16%"
22.02.2024,"154,90","158,10","158,20","153,80","1,95M","-1,90%"
21.02.2024,"157,90","157,50","158,20","154,00","1,75M","0,83%"
20.02.2024,"156,60","156,50","157,20","154,30","1,76M","0,19%"
19.02.2024,"156,30","159,10","159,80","154,60","2,16M","-1,51%"
16.02.2024,"158,70","158,10","160,20","157,70","2,12M","0,63%"
15.02.2024,"157,70","155,00","159,30","154,60","1,94M","1,74%"
14.02.2024,"155,00","157,10","157,10","150,50","2,59M","-1,52%"
13.02.2024,"157,40","158,00","158,80","154,20","2,85M","-0,38%"
12.02.2024,"158,00","157,00","158,30","156,50","1,37M","1,35%"
09.02.2024,"155,90","157,50","158,40","154,50","1,45M","-1,02%"
08.02.2024,"157,50","155,10","157,50","154,30","1,49M","1,55%"
07.02.2024,"155,10","155,60","157,10","153,70","3,94M","-0,13%"
06.02.2024,"155,30","153,10","155,80","151,10","4,66M","1,17%"
05.02.2024,"153,50","149,40","153,50","147,50","5,42M","2,74%"
02.02.2024,"149,40","151,00","151,40","147,60","1,76M","-0,66%"
01.02.2024,"150,40","141,40","152,50","141,40","5,82M","6,82%"
31.01.2024,"140,80","140,60","143,90","137,60","2,18M","0,00%"
30.01.2024,"140,80","140,70","143,00","139,00","1,92M","0,64%"
29.01.2024,"139,90","140,10","141,30","137,80","2,39M","0,58%"
26.01.2024,"139,10","136,50","139,50","134,90","2,20M","2,66%"
25.01.2024,"135,50","133,00","135,60","132,40","1,81M","2,19%"
24.01.2024,"132,60","133,20","134,80","131,50","2,07M","0,84%"
23.01.2024,"131,50","137,50","138,00","130,60","2,74M","-3,80%"
22.01.2024,"136,70","135,00","137,40","133,50","1,60M","1,48%"
19.01.2024,"134,70","134,10","135,10","133,00","1,25M","0,67%"
18.01.2024,"133,80","133,20","135,30","130,40","2,12M","1,59%"
17.01.2024,"131,70","133,70","134,50","131,10","1,04M","-1,50%"
16.01.2024,"133,70","133,70","135,50","131,50","1,47M","0,38%"
15.01.2024,"133,20","134,10","135,90","131,30","1,79M","0,08%"
12.01.2024,"133,10","128,70","135,90","127,30","3,42M","3,10%"
11.01.2024,"129,10","128,40","131,90","127,80","3,62M","1,57%"
10.01.2024,"127,10","124,80","127,50","122,20","4,42M","1,92%"
09.01.2024,"124,70","129,80","130,90","124,60","2,68M","-4,30%"
08.01.2024,"130,30","132,00","133,00","130,00","1,81M","-0,84%"
05.01.2024,"131,40","131,70","132,90","128,90","1,70M","0,08%"
04.01.2024,"131,30","132,10","132,80","128,10","2,75M","-0,45%"
03.01.2024,"131,90","138,00","138,20","131,90","1,90M","-4,42%"
02.01.2024,"138,00","137,00","140,00","135,20","3,44M","0,36%"
29.12.2023,"137,50","136,50","138,00","134,80","3,10M","2,61%"
28.12.2023,"134,00","127,90","134,30","127,30","2,98M","4,77%"
27.12.2023,"127,90","130,50","130,50","124,60","3,45M","-1,62%"
26.12.2023,"130,00","133,00","137,30","126,40","4,18M","0,15%"
25.12.2023,"129,80","130,70","133,90","127,70","2,36M","-3,49%"
22.12.2023,"134,50","126,80","134,80","126,80","4,97M","6,07%"
21.12.2023,"126,80","129,00","129,30","119,30","4,56M","-1,55%"
20.12.2023,"128,80","125,10","129,50","122,90","5,68M","2,30%"
19.12.2023,"125,90","118,80","127,30","118,30","6,61M","8,25%"
18.12.2023,"116,30","118,20","121,40","116,10","3,66M","-1,61%"
15.12.2023,"118,20","117,10","121,60","117,10","4,46M","1,63%"
14.12.2023,"116,30","115,90","117,40","113,20","2,09M","1,39%"
13.12.2023,"114,70","117,80","119,20","114,70","2,01M","-3,13%"
12.12.2023,"118,40","119,00","120,00","112,90","3,57M","-0,50%"
11.12.2023,"119,00","118,70","122,20","116,30","4,06M","0,25%"
08.12.2023,"118,70","112,50","120,90","112,00","4,32M","5,98%"
07.12.2023,"112,00","115,20","115,40","108,80","3,20M","-2,78%"
06.12.2023,"115,20","117,60","121,10","114,90","3,30M","-1,96%"
05.12.2023,"117,50","114,50","118,80","113,80","3,05M","2,44%"
04.12.2023,"114,70","111,70","116,00","111,20","2,16M","2,78%"
01.12.2023,"111,60","111,70","112,80","108,70","2,31M","0,63%"
30.11.2023,"110,90","114,70","114,90","110,70","2,46M","-3,14%"
29.11.2023,"114,50","116,50","117,40","114,20","1,97M","-0,78%"
28.11.2023,"115,40","115,30","116,70","114,10","1,90M","0,17%"
27.11.2023,"115,20","114,10","117,00","114,10","2,60M","1,32%"
24.11.2023,"113,70","116,40","116,80","113,30","3,31M","-0,52%"
23.11.2023,"114,30","112,10","116,50","111,00","3,85M","2,05%"
22.11.2023,"112,00","111,00","114,60","110,10","3,04M","1,27%"
21.11.2023,"110,60","111,30","112,80","109,90","1,87M","-0,09%"
20.11.2023,"110,70","110,00","111,80","109,50","1,91M","1,37%"
17.11.2023,"109,20","110,40","111,40","108,50","2,31M","-1,18%"
16.11.2023,"110,50","110,90","111,90","109,10","2,02M","0,18%"
15.11.2023,"110,30","114,80","115,40","109,90","2,19M","-3,16%"
14.11.2023,"113,90","112,00","113,90","109,60","1,89M","1,70%"
13.11.2023,"112,00","118,90","120,00","109,30","5,70M","-5,25%"
10.11.2023,"118,20","118,20","121,00","116,80","3,11M","0,08%"
09.11.2023,"118,10","115,40","118,70","114,00","4,06M","2,07%"
08.11.2023,"115,70","113,90","115,70","113,00","3,36M","2,39%"
07.11.2023,"113,00","113,00","115,30","112,20","3,15M","0,00%"
06.11.2023,"113,00","112,80","115,10","112,40","3,20M","1,80%"
03.11.2023,"111,00","112,40","114,70","110,00","4,23M","-1,16%"
02.11.2023,"112,30","104,00","113,10","103,60","11,44M","9,14%"
01.11.2023,"102,90","101,10","103,60","99,50","3,37M","3,05%"
31.10.2023,"99,85","104,00","105,80","99,75","2,50M","-3,99%"
30.10.2023,"104,00","103,90","104,10","101,70","1,59M","0,10%"
27.10.2023,"103,90","104,00","105,90","99,85","3,27M","0,97%"
26.10.2023,"102,90","100,00","103,00","97,55","4,07M","3,11%"
25.10.2023,"99,80","103,00","103,40","99,30","3,50M","-3,11%"
24.10.2023,"103,00","99,70","103,70","99,70","2,33M","3,88%"
23.10.2023,"99,15","97,20","99,80","95,35","2,55M","4,31%"
20.10.2023,"95,05","94,00","98,10","93,40","3,86M","0,26%"
19.10.2023,"94,80","98,55","99,70","94,00","3,57M","-3,51%"
18.10.2023,"98,25","101,80","103,70","98,25","3,50M","-5,35%"
17.10.2023,"103,80","103,20","104,30","101,70","2,71M","1,37%"
16.10.2023,"102,40","107,00","108,10","102,40","2,33M","-3,67%"
13.10.2023,"106,30","109,00","109,20","104,10","2,27M","-2,74%"
12.10.2023,"109,30","111,50","112,40","105,50","3,27M","-0,55%"
11.10.2023,"109,90","114,40","116,40","109,90","3,32M","-4,02%"
10.10.2023,"114,50","109,60","115,30","109,60","2,64M","5,24%"
09.10.2023,"108,80","111,90","112,60","106,90","4,59M","-5,14%"
06.10.2023,"114,70","112,60","115,00","111,60","2,57M","1,59%"
05.10.2023,"112,90","110,80","113,80","108,50","4,02M","1,90%"
04.10.2023,"110,80","115,70","116,20","110,00","4,40M","-4,15%"
03.10.2023,"115,60","110,30","116,00","110,30","5,47M","5,19%"
02.10.2023,"109,90","106,50","110,30","106,50","3,98M","3,97%"
29.09.2023,"105,70","102,50","106,90","102,30","3,59M","3,63%"
28.09.2023,"102,00","105,30","106,30","102,00","2,53M","-2,39%"
27.09.2023,"104,50","109,20","109,70","104,50","2,34M","-3,06%"
26.09.2023,"107,80","107,10","108,80","105,30","3,18M","0,84%"
25.09.2023,"106,90","106,70","109,10","105,50","3,02M","0,56%"
22.09.2023,"106,30","107,80","108,40","103,80","2,00M","-1,39%"
21.09.2023,"107,80","101,90","107,90","99,45","3,12M","7,69%"
20.09.2023,"100,10","102,50","103,30","100,00","1,56M","-2,15%"
19.09.2023,"102,30","99,50","102,30","98,30","2,26M","2,61%"
18.09.2023,"99,70","103,80","104,60","99,20","2,58M","-3,61%"
15.09.2023,"103,43","108,09","108,88","103,43","3,67M","-4,04%"
14.09.2023,"107,79","107,39","108,48","103,14","2,48M","0,83%"
13.09.2023,"106,90","107,10","111,65","105,81","3,71M","-0,19%"
12.09.2023,"107,10","108,48","109,97","107,00","2,28M","-1,01%"
11.09.2023,"108,19","114,32","114,52","108,19","2,37M","-5,59%"
08.09.2023,"114,60","115,10","117,60","112,80","2,31M","-0,43%"
07.09.2023,"115,10","112,70","115,90","112,70","1,81M","2,40%"
06.09.2023,"112,40","115,00","116,00","112,20","2,44M","-1,66%"
05.09.2023,"114,30","118,00","119,80","113,30","3,74M","-2,72%"
04.09.2023,"117,50","110,50","117,50","109,20","4,37M","8,29%"
01.09.2023,"108,50","107,90","110,10","106,20","2,65M","0,56%"
31.08.2023,"107,90","111,10","111,60","104,50","4,73M","-2,44%"
29.08.2023,"110,60","107,60","112,70","105,90","3,73M","2,88%"
28.08.2023,"107,50","103,00","107,50","102,70","2,89M","4,78%"
25.08.2023,"102,60","104,80","105,90","98,00","4,46M","-1,35%"
24.08.2023,"104,00","111,40","111,80","104,00","3,94M","-6,56%"
23.08.2023,"111,30","112,80","113,40","110,50","2,59M","-0,62%"
22.08.2023,"112,00","108,10","113,10","108,10","4,06M","4,19%"
21.08.2023,"107,50","105,40","110,10","103,20","3,78M","1,61%"
18.08.2023,"105,80","110,10","111,30","105,20","3,20M","-3,82%"
17.08.2023,"110,00","111,50","112,60","110,00","3,34M","-1,35%"
16.08.2023,"111,50","111,50","115,50","110,30","4,61M","0,45%"
15.08.2023,"111,00","113,30","114,50","108,80","3,25M","-2,03%"
14.08.2023,"113,30","110,50","116,20","109,00","4,78M","3,09%"
11.08.2023,"109,90","103,30","109,90","103,30","3,81M","6,49%"
10.08.2023,"103,20","107,70","109,10","102,80","4,34M","-4,09%"
09.08.2023,"107,60","109,00","110,20","105,30","5,31M","2,48%"
08.08.2023,"105,00","107,70","109,00","103,60","2,20M","-2,51%"
07.08.2023,"107,70","103,50","108,80","102,30","3,41M","5,48%"
04.08.2023,"102,10","101,10","103,30","97,85","4,34M","1,69%"
03.08.2023,"100,40","99,00","102,70","99,00","3,84M","2,08%"
02.08.2023,"98,35","95,10","101,40","93,65","5,48M","4,24%"
01.08.2023,"94,35","90,05","95,20","88,50","4,16M","4,78%"
31.07.2023,"90,05","91,50","94,00","90,05","4,09M","-1,37%"
28.07.2023,"91,30","90,30","91,65","89,80","2,79M","1,44%"
27.07.2023,"90,00","92,10","92,70","89,10","2,92M","-1,64%"
26.07.2023,"91,50","91,55","92,40","88,75","2,22M","-0,11%"
25.07.2023,"91,60","88,40","91,90","87,05","3,34M","3,97%"
24.07.2023,"88,10","89,40","89,55","87,15","2,10M","-0,68%"
21.07.2023,"88,70","88,05","90,20","87,25","3,18M","1,37%"
20.07.2023,"87,50","88,60","89,00","86,15","3,47M","-0,28%"
19.07.2023,"87,75","82,95","88,15","82,00","3,69M","5,72%"
18.07.2023,"83,00","87,45","87,70","83,00","3,04M","-4,10%"
17.07.2023,"86,55","87,00","89,80","86,45","4,37M","-0,35%"
14.07.2023,"86,85","82,95","88,60","82,55","5,72M","4,83%"
13.07.2023,"82,85","78,80","83,35","77,75","4,59M","5,47%"
12.07.2023,"78,55","75,00","78,75","74,00","3,97M","4,80%"
11.07.2023,"74,95","74,05","76,35","73,45","3,83M","2,46%"
10.07.2023,"73,15","72,05","73,75","72,05","4,64M","2,88%"
07.07.2023,"71,10","71,00","71,85","70,65","2,45M","0,35%"
06.07.2023,"70,85","72,65","72,85","70,35","4,43M","-2,48%"
05.07.2023,"72,65","71,65","72,90","69,50","4,39M","1,32%"
04.07.2023,"71,70","68,50","72,60","68,00","5,96M","5,13%"
03.07.2023,"68,20","66,80","70,55","66,80","4,45M","2,79%"
27.06.2023,"66,35","66,90","66,90","66,15","1,43M","-0,67%"
26.06.2023,"66,80","66,15","67,45","65,40","5,32M","1,06%"
23.06.2023,"66,10","65,60","66,80","65,50","5,18M","1,69%"
22.06.2023,"65,00","63,80","65,20","62,45","4,32M","2,12%"
21.06.2023,"63,65","64,55","64,85","62,85","2,51M","-0,55%"
20.06.2023,"64,00","63,85","64,50","63,25","2,51M","0,23%"
19.06.2023,"63,85","64,85","65,60","63,80","2,74M","-1,47%"
16.06.2023,"64,80","66,50","67,15","64,80","2,91M","-1,82%"
15.06.2023,"66,00","68,70","69,00","65,55","4,20M","-3,08%"
14.06.2023,"68,10","66,65","68,25","65,95","3,81M","2,25%"
13.06.2023,"66,60","67,05","68,10","66,45","4,09M","-0,82%"
12.06.2023,"67,15","67,15","68,25","66,85","4,94M","0,37%"
09.06.2023,"66,90","66,85","67,75","65,85","3,85M","0,98%"
08.06.2023,"66,25","66,50","67,15","65,15","3,98M","-0,60%"
07.06.2023,"66,65","65,00","67,15","64,45","7,05M","3,98%"
06.06.2023,"64,10","64,00","65,95","63,20","5,24M","0,63%"
05.06.2023,"63,70","61,50","65,00","61,05","8,30M","5,46%"
02.06.2023,"60,40","59,30","60,85","59,10","7,72M","2,81%"
01.06.2023,"58,75","58,65","59,40","58,45","4,13M","0,95%"
31.05.2023,"58,20","59,00","59,60","58,20","8,85M","-0,94%"
30.05.2023,"58,75","57,85","59,25","57,45","6,72M","2,26%"
29.05.2023,"57,45","58,95","59,20","56,95","8,29M","-2,71%"
26.05.2023,"59,05","59,00","59,60","57,95","3,13M","-0,17%"
25.05.2023,"59,15","59,10","59,45","58,45","1,46M","0,17%"
24.05.2023,"59,05","57,70","59,25","57,15","2,08M","2,61%"
23.05.2023,"57,55","58,30","58,45","57,45","2,69M","-0,91%"
22.05.2023,"58,08","60,15","60,54","57,94","5,35M","-3,04%"
18.05.2023,"59,90","60,98","62,36","58,72","6,98M","-1,53%"
17.05.2023,"60,83","61,23","61,67","59,66","7,07M","0,08%"
16.05.2023,"60,78","60,78","61,57","60,78","11,99M","-9,97%"
15.05.2023,"67,51","67,51","67,51","67,51","228,34K","-9,95%"
12.05.2023,"74,97","76,35","79,25","74,34","7,58M","-0,85%"
11.05.2023,"75,61","69,82","76,01","68,74","7,07M","9,37%"
10.05.2023,"69,13","68,54","69,52","68,10","3,11M","1,14%"
09.05.2023,"68,35","64,81","68,64","64,81","3,82M","6,10%"
08.05.2023,"64,42","61,91","64,86","61,72","1,85M","4,46%"
05.05.2023,"61,67","61,91","62,41","61,37","1,98M","-0,16%"
04.05.2023,"61,77","61,62","62,95","61,32","2,15M","-0,15%"
03.05.2023,"61,86","61,28","62,90","59,90","3,00M","0,80%"
02.05.2023,"61,37","61,77","62,99","60,59","1,79M","-0,73%"
28.04.2023,"61,82","62,99","64,91","60,64","3,09M","-1,01%"
27.04.2023,"62,45","62,60","63,24","62,21","1,12M","-0,40%"
26.04.2023,"62,70","61,86","63,09","60,88","1,86M","0,55%"
25.04.2023,"62,36","62,99","64,17","61,86","3,65M","-0,86%"
24.04.2023,"62,90","61,72","63,14","61,52","1,82M","1,91%"
20.04.2023,"61,72","61,82","62,45","61,62","442,26K","-0,08%"
19.04.2023,"61,77","62,11","62,85","61,42","1,08M","-0,55%"
18.04.2023,"62,11","61,23","62,70","60,98","1,50M","1,77%"
17.04.2023,"61,03","61,57","61,82","60,78","901,78K","-0,72%"
14.04.2023,"61,47","62,11","62,99","61,42","1,11M","-1,19%"
13.04.2023,"62,21","63,73","63,88","62,21","1,73M","-2,15%"
12.04.2023,"63,58","65,20","65,35","63,49","1,90M","-1,75%"
11.04.2023,"64,71","63,04","64,81","62,95","1,92M","2,80%"
10.04.2023,"62,95","61,86","63,34","61,86","1,14M","1,91%"
07.04.2023,"61,77","61,82","62,06","60,83","796,95K","-0,08%"
06.04.2023,"61,82","62,70","62,99","61,18","1,39M","-1,32%"
05.04.2023,"62,65","63,34","63,63","62,26","1,24M","-0,62%"
04.04.2023,"63,04","62,75","63,49","62,06","2,21M","0,78%"
03.04.2023,"62,55","62,90","62,90","60,00","2,94M","-0,78%"
31.03.2023,"63,04","63,53","63,68","61,03","2,88M","-1,01%"
30.03.2023,"63,68","63,63","64,52","62,85","1,83M","0,08%"
29.03.2023,"63,63","61,18","63,68","60,05","3,11M","3,26%"
28.03.2023,"61,62","62,16","62,80","61,47","4,33M","-0,63%"
27.03.2023,"62,01","60,05","62,60","60,00","3,36M","3,35%"
24.03.2023,"60,00","59,90","60,24","57,94","1,47M","0,17%"
23.03.2023,"59,90","59,90","60,20","59,12","1,25M","0,08%"
22.03.2023,"59,85","58,23","59,85","57,94","1,67M","3,48%"
21.03.2023,"57,84","58,13","59,07","56,56","2,32M","-0,09%"
20.03.2023,"57,89","60,24","60,34","57,84","3,22M","-4,91%"
17.03.2023,"60,88","63,53","63,78","60,69","3,52M","-3,43%"
16.03.2023,"63,04","61,37","63,68","61,03","3,09M","3,79%"
15.03.2023,"60,74","61,86","62,11","59,80","2,96M","-1,03%"
14.03.2023,"61,37","61,32","62,45","59,41","2,26M","0,23%"
13.03.2023,"61,23","61,42","61,82","59,41","2,69M","-0,31%"
10.03.2023,"61,42","60,39","62,16","59,80","3,63M","0,56%"
09.03.2023,"61,08","58,62","61,57","57,54","6,55M","4,20%"
08.03.2023,"58,62","56,02","58,62","55,29","3,38M","3,83%"
07.03.2023,"56,46","56,96","59,80","55,33","6,44M","1,58%"
06.03.2023,"55,58","51,41","55,92","51,16","4,78M","8,32%"
03.03.2023,"51,31","53,03","53,27","50,38","2,13M","-2,69%"
02.03.2023,"52,73","53,03","54,16","52,68","2,64M","0,09%"
01.03.2023,"52,68","53,08","54,35","52,39","4,73M","-3,69%"
28.02.2023,"54,70","52,44","54,70","52,14","5,22M","5,39%"
27.02.2023,"51,90","51,51","52,05","50,33","3,21M","1,65%"
24.02.2023,"51,06","49,59","51,16","49,34","2,61M","3,17%"
23.02.2023,"49,49","49,69","50,87","48,92","2,26M","-0,40%"
22.02.2023,"49,69","50,33","51,85","49,20","2,49M","-1,27%"
21.02.2023,"50,33","48,80","50,72","48,63","2,84M","3,05%"
20.02.2023,"48,84","49,02","49,84","48,63","1,51M","-0,20%"
17.02.2023,"48,94","48,02","49,25","47,14","1,63M","1,26%"
16.02.2023,"48,33","52,00","53,52","48,12","2,47M","-4,07%"
15.02.2023,"50,38","46,07","50,38","46,07","2,76M","9,90%"
07.02.2023,"45,84","48,80","48,80","45,29","1,62M","-6,64%"
06.02.2023,"49,10","49,20","49,74","47,14","651,05K","-2,25%"
03.02.2023,"50,23","48,39","50,28","47,86","3,27M","4,65%"
02.02.2023,"48,00","48,63","49,00","45,86","5,80M","-1,17%"
01.02.2023,"48,57","51,26","51,51","48,57","3,55M","-5,25%"
31.01.2023,"51,26","51,51","52,34","50,62","4,03M","-0,66%"
30.01.2023,"51,60","51,80","52,88","51,55","2,22M","-0,29%"
27.01.2023,"51,75","52,24","52,93","50,92","3,30M","-2,85%"
26.01.2023,"53,27","54,25","54,35","52,98","2,48M","-1,81%"
25.01.2023,"54,25","55,68","56,17","52,83","3,63M","-1,52%"
24.01.2023,"55,09","55,68","55,73","53,71","2,77M","-1,06%"
23.01.2023,"55,68","57,45","58,04","54,99","5,90M","-2,16%"
20.01.2023,"56,91","56,96","57,54","56,56","3,70M","0,18%"
19.01.2023,"56,81","56,61","57,45","56,12","2,57M","0,62%"
18.01.2023,"56,46","56,76","59,07","56,17","5,43M","0,70%"
17.01.2023,"56,07","56,07","57,25","55,58","4,51M","1,06%"
16.01.2023,"55,48","54,70","55,58","53,52","2,90M","3,66%"
13.01.2023,"53,52","55,78","56,22","53,03","3,77M","-3,97%"
12.01.2023,"55,73","55,53","56,51","52,63","4,99M","1,62%"
11.01.2023,"54,84","59,36","60,10","54,84","4,91M","-7,61%"
10.01.2023,"59,36","62,90","62,90","59,36","2,82M","-5,70%"
09.01.2023,"62,95","67,66","67,95","62,26","6,78M","-5,66%"
06.01.2023,"66,73","63,83","66,92","62,26","4,61M","3,12%"
05.01.2023,"64,71","68,54","69,13","64,47","3,79M","-4,77%"
04.01.2023,"67,95","68,05","70,46","67,51","4,65M","0,43%"
03.01.2023,"67,66","67,56","68,15","66,73","3,32M","0,30%"
02.01.2023,"67,46","66,73","67,66","66,58","2,81M","1,40%"
30.12.2022,"66,53","67,07","67,36","66,09","2,80M","-0,36%"
29.12.2022,"66,77","66,33","67,07","66,04","2,20M","0,74%"
28.12.2022,"66,28","66,77","67,41","65,84","2,84M","-0,73%"
27.12.2022,"66,77","67,90","68,94","66,77","3,13M","-1,32%"
26.12.2022,"67,66","67,86","68,15","67,27","2,40M","-0,07%"
23.12.2022,"67,71","66,63","67,71","66,48","2,24M","1,62%"
22.12.2022,"66,63","67,17","67,90","66,43","3,25M","0,00%"
21.12.2022,"66,63","68,74","70,06","66,43","4,72M","-2,86%"
20.12.2022,"68,59","67,56","69,18","67,46","3,80M","1,52%"
19.12.2022,"67,56","67,95","69,13","66,63","3,56M","0,51%"
16.12.2022,"67,22","65,79","68,59","65,79","3,11M","2,17%"
15.12.2022,"65,79","65,30","66,63","65,15","2,17M","1,51%"
14.12.2022,"64,81","66,53","67,76","63,24","3,55M","-2,51%"
13.12.2022,"66,48","66,33","68,05","65,99","2,71M","0,90%"
12.12.2022,"65,89","64,12","66,92","64,12","4,15M","3,47%"
09.12.2022,"63,68","62,21","63,93","62,21","3,27M","3,18%"
08.12.2022,"61,72","61,72","62,50","60,59","2,88M","-0,39%"
07.12.2022,"61,96","63,53","63,58","60,39","3,35M","-2,33%"
06.12.2022,"63,44","61,37","63,63","60,88","4,54M","3,20%"
05.12.2022,"61,47","63,09","63,63","60,44","4,13M","-2,20%"
02.12.2022,"62,85","62,75","63,49","61,62","3,36M","1,11%"
01.12.2022,"62,16","63,44","64,32","61,28","5,20M","-1,55%"
30.11.2022,"63,14","61,57","63,14","61,28","3,61M","2,55%"
29.11.2022,"61,57","61,77","62,99","60,59","3,75M","0,33%"
28.11.2022,"61,37","58,87","61,47","58,67","5,96M","4,51%"
25.11.2022,"58,72","59,36","60,24","58,72","2,77M","-1,49%"
24.11.2022,"59,61","60,39","60,59","58,33","2,87M","-0,73%"
23.11.2022,"60,05","58,72","60,29","57,99","3,70M","2,26%"
22.11.2022,"58,72","57,69","59,21","56,71","5,92M","1,79%"
21.11.2022,"57,69","54,50","57,79","54,50","5,04M","6,34%"
18.11.2022,"54,25","51,80","55,04","51,55","4,52M","4,73%"
17.11.2022,"51,80","53,62","54,75","51,01","5,37M","-1,50%"
16.11.2022,"52,59","54,89","55,04","52,19","4,15M","-3,06%"
15.11.2022,"54,25","53,81","54,35","52,14","3,97M","1,27%"
14.11.2022,"53,57","53,03","53,96","51,90","4,00M","0,83%"
11.11.2022,"53,13","54,11","54,75","52,73","3,21M","-1,08%"
10.11.2022,"53,71","52,24","55,04","52,05","18,03M","3,79%"
09.11.2022,"51,75","52,83","53,27","51,36","5,10M","-1,95%"
08.11.2022,"52,78","49,98","53,52","49,93","15,40M","6,01%"
07.11.2022,"49,79","51,06","51,55","49,79","5,56M","-0,97%"
04.11.2022,"50,28","49,25","50,47","48,00","9,04M","2,78%"
03.11.2022,"48,92","48,31","49,25","47,88","13,05M","6,49%"
02.11.2022,"45,94","47,69","47,69","45,90","3,25M","-2,77%"
01.11.2022,"47,25","47,33","47,84","46,96","2,59M","0,32%"
31.10.2022,"47,10","46,35","47,12","46,07","2,07M","2,06%"
28.10.2022,"46,15","47,61","47,69","46,15","1,16M","-2,86%"
27.10.2022,"47,51","47,63","48,12","47,10","2,77M","0,91%"
26.10.2022,"47,08","46,68","47,74","46,68","1,70M","0,30%"
25.10.2022,"46,94","48,12","48,18","46,64","3,57M","-1,80%"
24.10.2022,"47,80","47,63","48,25","47,00","3,12M","0,78%"
21.10.2022,"47,43","48,69","48,73","47,43","3,22M","-2,59%"
20.10.2022,"48,69","47,53","48,69","47,25","5,32M","2,57%"
19.10.2022,"47,47","48,92","49,10","47,47","4,72M","-2,73%"
18.10.2022,"48,80","51,75","51,75","48,65","4,40M","-4,52%"
17.10.2022,"51,11","50,33","52,14","49,88","4,60M","4,09%"
14.10.2022,"49,10","45,41","49,10","45,01","5,49M","9,94%"
13.10.2022,"44,66","45,94","46,64","44,48","3,25M","-2,10%"
12.10.2022,"45,62","44,48","45,82","43,31","4,63M","3,47%"
11.10.2022,"44,09","44,27","44,80","43,36","3,03M","0,27%"
10.10.2022,"43,97","42,48","44,15","42,32","4,22M","4,27%"
07.10.2022,"42,17","41,40","42,42","41,30","5,23M","2,01%"
06.10.2022,"41,34","41,99","42,52","41,16","2,85M","-1,45%"
05.10.2022,"41,95","41,81","42,54","41,40","2,09M","0,62%"
04.10.2022,"41,69","41,75","42,42","41,07","2,80M","1,09%"
03.10.2022,"41,24","39,34","41,32","39,34","2,39M","4,83%"
30.09.2022,"39,34","40,06","40,79","39,30","3,11M","-1,67%"
29.09.2022,"40,01","42,23","42,52","39,32","2,23M","-4,53%"
28.09.2022,"41,91","42,78","43,29","41,91","1,54M","-2,69%"
27.09.2022,"43,07","43,36","44,58","42,68","2,68M","-0,19%"
26.09.2022,"43,15","43,52","43,60","41,97","1,86M","-1,12%"
23.09.2022,"43,64","43,01","44,44","42,79","2,90M","1,46%"
22.09.2022,"43,01","43,03","43,64","42,23","2,46M","0,00%"
21.09.2022,"43,01","45,17","46,00","42,23","2,84M","-4,99%"
20.09.2022,"45,27","44,58","45,43","42,52","4,19M","1,55%"
19.09.2022,"44,58","46,00","47,17","44,23","2,02M","-3,13%"
16.09.2022,"46,02","45,64","46,15","44,82","4,58M","2,33%"
15.09.2022,"44,97","45,82","47,06","44,56","5,67M","-1,73%"
14.09.2022,"45,76","43,89","45,94","42,81","5,71M","4,02%"
13.09.2022,"43,99","43,78","46,09","43,33","7,40M","1,52%"
12.09.2022,"43,33","42,34","43,95","42,05","3,43M","2,48%"
09.09.2022,"42,28","43,19","43,29","41,97","3,67M","-1,03%"
08.09.2022,"42,72","41,60","43,25","41,60","4,35M","2,89%"
07.09.2022,"41,52","41,03","41,73","39,34","3,63M","0,90%"
06.09.2022,"41,15","40,85","41,42","39,91","3,59M","1,55%"
05.09.2022,"40,52","40,16","40,77","39,87","3,23M","0,90%"
02.09.2022,"40,16","39,63","40,79","39,44","2,84M","1,39%"
01.09.2022,"39,61","40,52","40,52","39,53","2,95M","-2,39%"
31.08.2022,"40,58","40,75","40,89","39,87","3,26M","-0,42%"
29.08.2022,"40,75","41,60","41,60","39,44","4,39M","-2,25%"
26.08.2022,"41,69","41,18","41,93","40,38","3,61M","1,31%"
25.08.2022,"41,15","39,75","41,68","39,75","3,52M","3,57%"
24.08.2022,"39,73","40,50","40,85","39,65","2,91M","-1,56%"
23.08.2022,"40,36","38,57","40,77","38,57","4,83M","5,38%"
22.08.2022,"38,30","38,14","38,75","38,04","2,34M","0,00%"
19.08.2022,"38,30","38,65","39,04","38,22","2,30M","-0,44%"
18.08.2022,"38,47","39,48","39,48","37,51","3,29M","-2,06%"
17.08.2022,"39,28","38,69","39,65","38,36","4,56M","1,68%"
16.08.2022,"38,63","36,39","38,69","36,20","10,11M","6,33%"
15.08.2022,"36,33","36,82","37,16","35,84","3,49M","-1,09%"
12.08.2022,"36,73","36,67","37,41","36,33","4,12M","0,33%"
11.08.2022,"36,61","38,98","39,51","36,18","8,63M","-2,92%"
10.08.2022,"37,71","36,63","37,71","36,24","5,18M","3,23%"
09.08.2022,"36,53","35,78","36,86","35,53","6,53M","2,21%"
08.08.2022,"35,74","36,31","36,79","35,51","3,15M","-0,39%"
05.08.2022,"35,88","36,00","36,24","34,98","3,03M","-0,11%"
04.08.2022,"35,92","35,08","36,33","34,94","5,42M","3,22%"
03.08.2022,"34,80","35,88","36,49","34,64","4,30M","-3,01%"
02.08.2022,"35,88","36,49","36,55","35,78","4,20M","-1,73%"
01.08.2022,"36,51","36,43","36,82","36,06","4,14M","1,47%"
29.07.2022,"35,98","34,72","35,98","34,72","6,18M","3,75%"
28.07.2022,"34,68","34,49","35,15","34,21","3,11M","1,02%"
27.07.2022,"34,33","34,17","34,59","33,94","3,87M","1,03%"
26.07.2022,"33,98","33,33","34,19","33,17","3,36M","1,95%"
25.07.2022,"33,33","31,38","33,49","31,21","5,53M","6,28%"
22.07.2022,"31,36","31,70","32,07","31,03","2,35M","-0,88%"
21.07.2022,"31,64","31,88","32,31","31,54","2,40M","-0,75%"
20.07.2022,"31,88","32,21","32,41","31,80","3,03M","0,44%"
19.07.2022,"31,74","31,42","31,89","31,21","3,21M","1,63%"
18.07.2022,"31,23","30,05","31,31","29,58","3,72M","4,41%"
14.07.2022,"29,91","30,03","30,93","29,66","4,12M","-0,40%"
13.07.2022,"30,03","30,13","30,70","29,83","3,78M","-0,07%"
08.07.2022,"30,05","29,20","30,11","28,87","2,71M","3,58%"
07.07.2022,"29,01","28,50","29,28","28,20","4,46M","1,86%"
06.07.2022,"28,48","27,00","28,77","27,00","8,01M","8,54%"
05.07.2022,"26,24","26,71","26,85","25,94","3,32M","1,08%"
04.07.2022,"25,96","26,57","26,61","25,96","1,26M","-2,30%"
01.07.2022,"26,57","26,61","26,81","26,28","1,88M","-0,37%"
30.06.2022,"26,67","26,02","26,67","25,57","1,97M","2,42%"
29.06.2022,"26,04","26,91","27,08","26,04","2,55M","-3,09%"
28.06.2022,"26,87","26,91","27,73","26,65","3,22M","0,00%"
27.06.2022,"26,87","26,91","27,20","26,57","1,72M","-2,29%"
24.06.2022,"27,50","27,69","27,95","27,32","1,64M","-0,69%"
23.06.2022,"27,69","27,63","27,99","27,28","1,57M","0,44%"
22.06.2022,"27,57","27,00","27,95","26,67","2,95M","2,04%"
21.06.2022,"27,02","27,02","27,12","26,85","1,87M","0,63%"
20.06.2022,"26,85","27,34","27,40","26,69","1,49M","-1,72%"
17.06.2022,"27,32","26,49","27,32","26,42","1,80M","3,13%"
16.06.2022,"26,49","27,04","27,36","26,42","1,25M","-1,89%"
15.06.2022,"27,00","26,73","27,10","26,36","1,44M","1,39%"
14.06.2022,"26,63","26,51","27,00","26,51","2,23M","0,38%"
13.06.2022,"26,53","26,81","26,93","26,47","2,10M","-1,04%"
10.06.2022,"26,81","27,36","27,69","26,61","2,62M","-2,01%"
09.06.2022,"27,36","26,61","27,50","26,36","2,30M","2,90%"
08.06.2022,"26,59","28,10","28,28","26,59","2,92M","-5,00%"
07.06.2022,"27,99","28,24","28,42","27,81","2,03M","-0,82%"
06.06.2022,"28,22","27,91","28,34","27,79","2,23M","1,55%"
03.06.2022,"27,79","27,71","28,08","27,67","1,86M","0,58%"
02.06.2022,"27,63","27,85","28,08","27,53","1,59M","-0,58%"
01.06.2022,"27,79","28,18","28,34","27,67","2,21M","0,07%"
31.05.2022,"27,77","28,54","28,97","27,73","2,67M","-1,24%"
30.05.2022,"28,12","26,61","28,32","26,57","4,49M","6,60%"
27.05.2022,"26,38","26,57","26,65","26,28","1,36M","-0,64%"
26.05.2022,"26,55","26,43","26,65","26,34","1,71M","0,72%"
25.05.2022,"26,36","26,38","26,51","26,20","1,84M","0,08%"
24.05.2022,"26,34","26,32","26,65","26,24","2,16M","0,08%"
23.05.2022,"26,32","27,04","27,48","26,32","2,88M","-2,52%"
20.05.2022,"27,00","28,97","28,97","27,00","2,84M","-3,12%"
18.05.2022,"27,87","27,97","28,02","27,51","1,98M","-0,21%"
17.05.2022,"27,93","28,32","28,56","27,65","1,93M","-1,10%"
16.05.2022,"28,24","27,69","28,56","27,69","2,81M","2,47%"
13.05.2022,"27,56","27,04","27,84","27,04","2,26M","2,11%"
12.05.2022,"26,99","27,82","27,97","26,75","3,11M","-3,81%"
11.05.2022,"28,06","28,33","28,52","27,60","3,72M","-0,95%"
10.05.2022,"28,33","28,76","28,94","28,24","3,34M","-1,50%"
09.05.2022,"28,76","29,46","30,42","28,70","4,31M","-2,01%"
06.05.2022,"29,35","28,02","29,83","27,73","4,96M","3,78%"
05.05.2022,"28,28","27,39","28,57","27,34","4,37M","3,67%"
29.04.2022,"27,28","27,32","27,47","26,86","2,28M","-0,07%"
28.04.2022,"27,30","26,73","27,43","26,69","3,09M","2,29%"
27.04.2022,"26,69","26,71","26,97","26,12","3,08M","-0,30%"
26.04.2022,"26,77","27,56","27,73","26,60","3,08M","-1,87%"
25.04.2022,"27,28","27,60","27,60","26,55","3,71M","-1,16%"
22.04.2022,"27,60","28,57","29,46","27,56","8,69M","-1,50%"
21.04.2022,"28,02","26,95","28,02","26,93","9,12M","4,67%"
20.04.2022,"26,77","26,92","27,14","26,57","4,58M","-0,34%"
19.04.2022,"26,86","27,19","27,19","26,45","3,78M","-0,67%"
18.04.2022,"27,04","27,21","27,39","26,97","2,54M","0,19%"
15.04.2022,"26,99","26,88","26,99","26,58","1,81M","0,90%"
14.04.2022,"26,75","26,84","26,99","26,71","2,84M","0,07%"
13.04.2022,"26,73","27,16","27,51","26,31","4,21M","-1,04%"
12.04.2022,"27,01","27,08","27,39","26,45","3,99M","0,63%"
11.04.2022,"26,84","25,99","26,90","25,85","5,50M","3,83%"
08.04.2022,"25,85","25,72","25,88","25,62","3,15M","0,82%"
07.04.2022,"25,64","25,68","25,83","25,51","2,48M","-0,16%"
06.04.2022,"25,68","25,83","26,09","25,50","3,56M","-0,85%"
05.04.2022,"25,90","26,05","26,27","25,35","4,42M","-0,31%"
04.04.2022,"25,98","25,46","26,07","25,46","3,41M","2,85%"
01.04.2022,"25,26","24,76","25,68","24,76","5,14M","2,10%"
31.03.2022,"24,74","25,15","25,26","24,61","3,94M","-1,39%"
30.03.2022,"25,09","25,26","26,27","25,00","11,51M","1,41%"
29.03.2022,"24,74","23,23","24,74","23,23","13,45M","10,00%"
28.03.2022,"22,49","22,03","22,66","22,03","2,81M","2,37%"
25.03.2022,"21,97","22,14","22,29","21,94","2,39M","-0,68%"
24.03.2022,"22,12","22,55","22,58","22,03","2,84M","-1,47%"
23.03.2022,"22,45","22,80","22,82","22,33","2,74M","-1,32%"
22.03.2022,"22,75","22,51","22,92","22,42","2,93M","1,16%"
21.03.2022,"22,49","22,31","22,58","22,29","2,63M","0,90%"
18.03.2022,"22,29","21,68","22,29","21,53","3,96M","3,53%"
17.03.2022,"21,53","21,53","21,72","21,37","2,95M","0,70%"
16.03.2022,"21,38","21,22","21,70","21,22","3,52M","1,66%"
15.03.2022,"21,03","20,68","21,31","20,68","4,48M","1,84%"
14.03.2022,"20,65","20,67","20,91","20,52","2,39M","0,44%"
11.03.2022,"20,56","20,33","20,96","20,11","4,53M","1,13%"
10.03.2022,"20,33","20,91","21,09","20,19","4,20M","-1,79%"
09.03.2022,"20,70","20,43","20,94","20,28","5,41M","2,42%"
08.03.2022,"20,21","20,32","20,46","19,97","3,81M","-0,54%"
07.03.2022,"20,32","19,62","20,61","19,60","4,68M","2,42%"
04.03.2022,"19,84","20,74","20,81","19,82","4,58M","-4,75%"
03.03.2022,"20,83","21,03","21,48","20,81","4,10M","-0,43%"
02.03.2022,"20,92","21,72","21,85","20,92","2,49M","-3,33%"
01.03.2022,"21,64","22,29","22,53","21,33","3,21M","-2,83%"
28.02.2022,"22,27","24,63","24,63","22,27","3,44M","-9,98%"
25.02.2022,"24,74","24,35","25,61","24,35","1,62M","1,69%"
24.02.2022,"24,33","24,80","25,46","23,67","3,71M","-7,46%"
23.02.2022,"26,29","26,45","26,90","26,29","994,37K","-0,75%"
22.02.2022,"26,49","26,68","26,75","26,25","1,08M","-1,63%"
21.02.2022,"26,93","27,19","27,28","26,79","628,70K","-0,55%"
18.02.2022,"27,08","26,68","27,17","26,68","808,94K","1,92%"
17.02.2022,"26,57","27,17","27,17","26,47","1,22M","-1,34%"
16.02.2022,"26,93","27,28","27,28","26,90","958,74K","-0,48%"
15.02.2022,"27,06","26,71","27,10","26,27","1,25M","2,23%"
14.02.2022,"26,47","26,36","26,62","26,05","1,67M","-1,05%"
11.02.2022,"26,75","26,45","26,82","26,10","935,86K","0,49%"
10.02.2022,"26,62","27,10","27,10","26,62","1,17M","-2,31%"
09.02.2022,"27,25","26,62","27,25","26,38","1,26M","3,38%"
08.02.2022,"26,36","26,31","26,92","26,03","1,13M","0,19%"
07.02.2022,"26,31","25,98","26,31","25,51","1,82M","1,58%"
04.02.2022,"25,90","26,53","26,53","25,64","1,67M","-2,15%"
03.02.2022,"26,47","26,80","26,97","26,21","2,56M","-1,67%"
02.02.2022,"26,92","27,04","27,14","26,82","1,88M","0,07%"
01.02.2022,"26,90","26,88","27,10","26,84","1,48M","0,49%"
31.01.2022,"26,77","27,01","27,17","26,77","882,10K","-0,11%"
28.01.2022,"26,80","27,25","27,34","26,71","2,48M","-0,70%"
27.01.2022,"26,99","26,23","26,99","26,23","2,15M","3,02%"
26.01.2022,"26,20","25,55","26,33","25,55","1,34M","2,62%"
25.01.2022,"25,53","25,75","25,92","25,11","1,19M","-0,43%"
24.01.2022,"25,64","26,68","26,79","25,53","1,38M","-4,01%"
21.01.2022,"26,71","26,69","26,88","26,29","1,23M","-0,07%"
20.01.2022,"26,73","26,95","27,25","26,34","2,19M","-0,41%"
19.01.2022,"26,84","26,18","26,97","25,35","4,05M","2,95%"
18.01.2022,"26,07","27,43","27,43","26,07","3,33M","-4,96%"
17.01.2022,"27,43","27,60","27,84","27,30","3,40M","0,55%"
14.01.2022,"27,28","26,99","27,52","26,95","3,82M","1,15%"
13.01.2022,"26,97","26,80","27,16","26,71","1,87M","0,63%"
12.01.2022,"26,80","27,54","27,56","26,68","2,94M","0,11%"
11.01.2022,"26,77","27,49","27,49","26,71","1,83M","-1,87%"
10.01.2022,"27,28","27,12","27,51","27,12","3,13M","0,92%"
07.01.2022,"27,03","28,00","28,08","26,90","3,06M","-2,98%"
06.01.2022,"27,86","27,86","28,08","27,58","1,35M","-0,43%"
05.01.2022,"27,98","27,51","28,30","27,36","2,12M","2,08%"
04.01.2022,"27,41","28,08","28,81","27,23","3,72M","-2,32%"
03.01.2022,"28,06","27,87","28,32","27,14","1,38M","2,78%"
31.12.2021,"27,30","27,08","27,45","26,95","1,03M","1,22%"
30.12.2021,"26,97","27,19","27,73","26,97","1,38M","0,19%"
29.12.2021,"26,92","26,64","27,32","26,38","1,36M","0,98%"
28.12.2021,"26,66","27,23","27,34","26,47","1,60M","0,00%"
27.12.2021,"26,66","26,77","27,45","26,31","2,81M","0,30%"
24.12.2021,"26,58","25,90","26,82","25,88","1,33M","2,98%"
23.12.2021,"25,81","26,36","26,90","25,04","3,39M","-1,19%"
22.12.2021,"26,12","27,12","27,25","26,12","7,75M","-9,99%"
21.12.2021,"29,02","32,17","32,17","29,02","3,69M","-9,93%"
20.12.2021,"32,22","30,51","33,11","29,96","4,06M","-0,46%"
17.12.2021,"32,37","32,06","34,73","30,82","6,38M","2,50%"
16.12.2021,"31,58","30,86","31,99","30,10","4,01M","3,75%"
15.12.2021,"30,44","30,40","30,88","29,59","3,26M","2,18%"
14.12.2021,"29,79","29,92","30,14","28,69","4,80M","1,81%"
13.12.2021,"29,26","28,32","29,99","28,21","4,78M","4,99%"
10.12.2021,"27,87","27,30","28,13","27,27","3,67M","2,50%"
09.12.2021,"27,19","26,25","27,38","25,96","2,51M","3,86%"
08.12.2021,"26,18","25,86","26,58","25,86","2,71M","2,11%"
07.12.2021,"25,64","25,11","25,96","25,11","2,89M","2,72%"
06.12.2021,"24,96","24,80","25,81","24,26","3,21M","2,51%"
03.12.2021,"24,35","24,32","24,68","24,28","2,11M","0,58%"
02.12.2021,"24,21","23,38","24,33","23,36","4,31M","3,55%"
01.12.2021,"23,38","23,32","23,56","23,28","2,91M","1,04%"
30.11.2021,"23,14","23,03","23,38","22,90","3,02M","0,48%"
29.11.2021,"23,03","22,40","23,04","22,31","3,47M","3,00%"
26.11.2021,"22,36","23,14","23,17","22,25","2,78M","-4,12%"
25.11.2021,"23,32","23,50","23,58","23,19","3,97M","0,17%"
24.11.2021,"23,28","22,44","23,28","22,44","6,49M","3,93%"
23.11.2021,"22,40","22,71","22,86","21,74","5,89M","-1,37%"
22.11.2021,"22,71","22,75","23,01","22,68","1,74M","0,13%"
19.11.2021,"22,68","22,86","23,21","22,58","2,90M","-0,40%"
18.11.2021,"22,77","22,86","22,95","22,56","4,03M","-0,39%"
17.11.2021,"22,86","22,82","23,06","22,80","1,89M","0,18%"
16.11.2021,"22,82","22,99","23,03","22,56","2,15M","-0,48%"
15.11.2021,"22,93","22,53","23,21","22,53","2,37M","1,96%"
12.11.2021,"22,49","22,84","23,14","22,31","1,43M","-1,45%"
11.11.2021,"22,82","22,64","23,03","22,56","1,40M","0,80%"
10.11.2021,"22,64","22,18","22,77","22,07","1,49M","1,84%"
09.11.2021,"22,23","22,23","22,55","22,10","1,29M","0,00%"
08.11.2021,"22,23","21,57","22,23","21,57","1,20M","3,40%"
05.11.2021,"21,50","22,01","22,07","21,46","2,04M","-3,20%"
04.11.2021,"22,21","22,42","22,62","22,14","2,09M","0,73%"
03.11.2021,"22,05","21,62","22,07","21,18","2,70M","1,43%"
02.11.2021,"21,74","21,48","21,74","20,92","2,09M","1,59%"
01.11.2021,"21,40","20,50","21,40","20,50","2,46M","4,59%"
28.10.2021,"20,46","20,65","20,65","20,43","340,33K","-0,82%"
27.10.2021,"20,63","20,65","20,72","20,48","728,80K","-0,10%"
26.10.2021,"20,65","20,59","20,68","20,48","1,27M","0,83%"
25.10.2021,"20,48","20,09","20,52","20,02","1,66M","1,74%"
22.10.2021,"20,13","19,73","20,15","19,65","1,04M","2,03%"
21.10.2021,"19,73","19,60","19,76","19,36","688,28K","1,08%"
20.10.2021,"19,52","19,67","19,76","19,39","1,49M","-0,76%"
19.10.2021,"19,67","19,52","19,76","19,52","1,16M","0,92%"
18.10.2021,"19,49","19,32","19,62","19,25","1,38M","0,98%"
15.10.2021,"19,30","19,47","19,50","19,15","1,03M","-0,77%"
14.10.2021,"19,45","19,28","19,60","19,26","888,23K","0,67%"
13.10.2021,"19,32","19,36","19,50","19,25","898,25K","-0,31%"
12.10.2021,"19,38","19,41","19,50","19,32","895,10K","-0,36%"
11.10.2021,"19,45","19,73","19,82","19,43","1,17M","-0,10%"
08.10.2021,"19,47","19,45","19,60","19,39","905,61K","0,31%"
07.10.2021,"19,41","19,54","19,67","19,32","1,01M","-0,31%"
06.10.2021,"19,47","19,71","19,84","19,45","1,10M","-1,77%"
05.10.2021,"19,82","20,06","20,22","19,62","1,85M","-0,90%"
04.10.2021,"20,00","19,58","20,28","19,58","1,45M","2,15%"
01.10.2021,"19,58","19,63","19,69","19,38","1,06M","-0,76%"
30.09.2021,"19,73","19,58","19,73","19,08","1,54M","0,77%"
29.09.2021,"19,58","19,06","19,58","18,97","2,09M","3,22%"
28.09.2021,"18,97","18,73","18,97","18,62","1,52M","1,39%"
27.09.2021,"18,71","18,62","18,90","18,55","1,44M","1,08%"
24.09.2021,"18,51","18,82","18,95","18,41","1,03M","-1,65%"
23.09.2021,"18,82","18,91","19,06","18,75","995,38K","-0,11%"
22.09.2021,"18,84","18,86","18,97","18,69","665,46K","0,48%"
21.09.2021,"18,75","18,97","19,08","18,66","887,80K","-0,27%"
20.09.2021,"18,80","19,19","19,19","18,75","2,40M","-2,34%"
17.09.2021,"19,25","19,91","20,02","19,25","1,66M","-3,31%"
16.09.2021,"19,91","20,00","20,11","19,84","898,08K","-0,65%"
15.09.2021,"20,04","20,11","20,13","19,89","1,04M","0,00%"
14.09.2021,"20,04","20,08","20,33","19,93","1,25M","0,45%"
13.09.2021,"19,95","20,02","20,09","19,89","426,49K","-0,25%"
10.09.2021,"20,00","20,28","20,35","20,00","711,88K","-1,38%"
09.09.2021,"20,28","19,87","20,33","19,80","835,20K","1,96%"
08.09.2021,"19,89","20,33","20,35","19,89","1,06M","-2,16%"
07.09.2021,"20,33","20,68","20,92","20,33","881,08K","-1,98%"
06.09.2021,"20,74","20,72","21,03","20,61","1,13M","-0,10%"
03.09.2021,"20,76","20,94","21,05","20,72","853,62K","-0,76%"
02.09.2021,"20,92","20,65","20,98","20,65","1,67M","1,41%"
01.09.2021,"20,63","20,33","20,70","20,22","1,36M","2,03%"
31.08.2021,"20,22","19,76","20,24","19,71","1,33M","3,01%"
27.08.2021,"19,63","19,78","19,84","19,63","767,98K","-0,76%"
26.08.2021,"19,78","20,04","20,13","19,74","944,30K","-1,20%"
25.08.2021,"20,02","20,28","20,39","20,02","652,65K","-1,28%"
24.08.2021,"20,28","20,26","20,61","20,26","1,30M","0,45%"
23.08.2021,"20,19","20,02","20,35","20,02","812,46K","1,05%"
20.08.2021,"19,98","20,06","20,17","19,91","624,98K","-0,40%"
19.08.2021,"20,06","20,26","20,26","20,04","637,65K","-1,08%"
18.08.2021,"20,28","20,46","20,59","20,26","1,71M","-0,64%"
17.08.2021,"20,41","20,57","20,59","20,41","475,36K","-0,78%"
16.08.2021,"20,57","20,46","20,70","20,43","850,30K","0,64%"
13.08.2021,"20,44","20,41","20,78","20,19","2,24M","0,44%"
12.08.2021,"20,35","20,41","20,44","20,15","914,86K","0,35%"
11.08.2021,"20,28","20,41","20,44","20,09","1,08M","-0,44%"
10.08.2021,"20,37","20,43","20,52","20,37","612,72K","-0,20%"
09.08.2021,"20,41","20,59","20,61","20,41","825,18K","-0,34%"
06.08.2021,"20,48","20,54","20,63","20,43","697,07K","-0,10%"
05.08.2021,"20,50","20,28","20,65","20,28","836,96K","0,34%"
04.08.2021,"20,43","20,56","20,63","20,35","844,93K","-0,44%"
03.08.2021,"20,52","20,74","20,85","20,52","956,34K","-0,77%"
02.08.2021,"20,68","20,63","20,74","20,43","866,75K","0,98%"
30.07.2021,"20,48","20,43","20,50","20,30","551,68K","0,10%"
29.07.2021,"20,46","20,28","20,48","20,28","683,89K","1,34%"
28.07.2021,"20,19","20,35","20,43","20,17","574,19K","-0,79%"
27.07.2021,"20,35","20,33","20,48","20,30","508,04K","0,10%"
26.07.2021,"20,33","20,09","20,37","20,06","638,28K","1,19%"
19.07.2021,"20,09","20,35","20,39","20,08","312,71K","-1,28%"
16.07.2021,"20,35","20,61","20,70","20,30","599,56K","-1,26%"
14.07.2021,"20,61","20,30","20,63","20,22","643,23K","2,28%"
13.07.2021,"20,15","20,19","20,70","20,08","1,05M","0,30%"
12.07.2021,"20,09","20,28","20,54","20,09","1,17M","-0,74%"
09.07.2021,"20,24","20,41","20,52","20,22","828,19K","-0,74%"
08.07.2021,"20,39","20,54","20,63","20,33","698,77K","-0,83%"
07.07.2021,"20,56","20,52","20,72","20,44","493,25K","0,29%"
06.07.2021,"20,50","20,74","20,83","20,50","331,82K","-1,06%"
05.07.2021,"20,72","20,52","20,76","20,48","462,66K","0,97%"
02.07.2021,"20,52","20,50","20,65","20,33","540,85K","-0,19%"
01.07.2021,"20,56","20,54","21,00","20,41","665,31K","0,19%"
30.06.2021,"20,52","20,70","20,70","20,32","750,61K","0,39%"
29.06.2021,"20,44","20,61","20,63","20,30","847,02K","-0,82%"
28.06.2021,"20,61","20,68","20,98","20,61","559,79K","-0,19%"
25.06.2021,"20,65","21,20","21,26","20,54","995,70K","-1,67%"
24.06.2021,"21,00","20,78","21,07","20,78","551,18K","0,82%"
23.06.2021,"20,83","20,50","21,11","20,50","1,90M","1,91%"
22.06.2021,"20,44","20,54","20,63","20,24","1,26M","0,89%"
21.06.2021,"20,26","20,44","20,59","20,15","1,28M","-1,07%"
18.06.2021,"20,48","20,48","20,63","20,21","1,48M","0,24%"
17.06.2021,"20,43","20,81","20,87","20,26","855,74K","-1,83%"
16.06.2021,"20,81","21,38","21,42","20,79","917,31K","-2,62%"
15.06.2021,"21,37","21,59","21,68","21,26","1,47M","-0,93%"
14.06.2021,"21,57","21,79","21,88","21,42","1,69M","-0,51%"
11.06.2021,"21,68","21,57","21,85","21,53","1,15M","0,79%"
10.06.2021,"21,51","21,48","21,74","21,37","1,17M","0,94%"
09.06.2021,"21,31","21,48","21,50","21,22","645,75K","-0,51%"
08.06.2021,"21,42","21,51","21,62","21,26","921,93K","-0,28%"
07.06.2021,"21,48","21,09","21,66","21,09","2,36M","2,14%"
04.06.2021,"21,03","20,92","21,27","20,87","1,53M","0,57%"
03.06.2021,"20,91","21,31","21,40","20,79","887,53K","-1,69%"
02.06.2021,"21,27","21,09","21,27","20,92","954,65K","0,66%"
01.06.2021,"21,13","21,11","21,29","20,96","767,24K","0,28%"
31.05.2021,"21,07","21,59","21,99","21,07","852,71K","-0,71%"
28.05.2021,"21,22","21,03","21,40","20,65","1,09M","1,29%"
27.05.2021,"20,95","21,20","21,37","20,95","1,01M","-0,95%"
26.05.2021,"21,15","20,98","21,19","20,76","1,38M","1,63%"
25.05.2021,"20,81","21,19","21,42","20,76","1,69M","-1,70%"
24.05.2021,"21,17","21,25","21,39","21,10","1,29M","-0,38%"
21.05.2021,"21,25","21,68","21,78","21,22","1,22M","-2,21%"
20.05.2021,"21,73","21,41","21,80","21,41","1,13M","1,59%"
18.05.2021,"21,39","21,46","21,75","21,34","996,13K","0,00%"
17.05.2021,"21,39","21,61","21,90","21,22","1,37M","0,00%"
12.05.2021,"21,39","21,41","21,46","21,13","431,16K","-0,09%"
11.05.2021,"21,41","20,95","21,58","20,57","1,63M","1,61%"
10.05.2021,"21,07","20,91","21,19","20,90","835,26K","0,81%"
07.05.2021,"20,90","21,07","21,12","20,79","1,22M","-0,38%"
06.05.2021,"20,98","20,96","21,10","20,52","1,97M","0,62%"
05.05.2021,"20,85","20,44","20,93","20,44","1,47M","2,46%"
04.05.2021,"20,35","20,61","20,68","20,11","1,79M","-1,26%"
03.05.2021,"20,61","20,06","20,62","19,98","949,87K","4,04%"
30.04.2021,"19,81","20,44","20,81","19,81","1,07M","-3,08%"
29.04.2021,"20,44","19,89","20,71","19,79","1,79M","2,77%"
28.04.2021,"19,89","19,72","19,94","19,45","658,35K","1,43%"
27.04.2021,"19,61","19,44","19,91","19,40","1,20M","1,34%"
26.04.2021,"19,35","19,32","19,55","19,20","818,94K","0,16%"
22.04.2021,"19,32","18,69","19,33","18,69","1,30M","1,10%"
21.04.2021,"19,11","19,30","19,32","18,64","3,55M","-0,88%"
20.04.2021,"19,28","19,04","19,49","18,94","2,03M","1,31%"
19.04.2021,"19,03","18,86","19,25","18,79","1,74M","1,12%"
16.04.2021,"18,82","18,89","19,03","18,55","2,08M","0,00%"
15.04.2021,"18,82","18,55","18,91","18,48","3,00M","1,89%"
14.04.2021,"18,47","18,48","18,84","18,38","1,62M","0,65%"
13.04.2021,"18,35","18,14","18,52","17,86","2,68M","1,33%"
12.04.2021,"18,11","18,40","18,48","17,92","1,87M","-1,58%"
09.04.2021,"18,40","18,50","18,67","18,18","2,33M","-0,65%"
08.04.2021,"18,52","18,03","18,64","18,03","3,08M","3,12%"
07.04.2021,"17,96","17,99","18,16","17,74","2,59M","-0,17%"
06.04.2021,"17,99","18,64","18,72","17,99","3,08M","-3,28%"
05.04.2021,"18,60","18,47","18,72","18,43","1,26M","0,70%"
02.04.2021,"18,47","18,72","18,81","18,38","972,52K","-0,43%"
01.04.2021,"18,55","18,03","18,57","18,03","2,58M","3,57%"
31.03.2021,"17,91","18,62","18,67","17,87","2,96M","-3,66%"
30.03.2021,"18,59","19,16","19,25","18,47","2,17M","-3,08%"
29.03.2021,"19,18","19,25","19,52","18,93","1,21M","0,37%"
26.03.2021,"19,11","19,57","20,18","18,77","2,80M","-1,34%"
25.03.2021,"19,37","19,37","20,01","19,33","3,14M","0,26%"
24.03.2021,"19,32","18,87","19,44","18,87","1,66M","3,37%"
23.03.2021,"18,69","18,16","19,03","17,31","4,15M","2,41%"
22.03.2021,"18,25","18,86","18,86","17,86","3,60M","-7,97%"
19.03.2021,"19,83","20,08","20,32","19,67","2,33M","-1,15%"
18.03.2021,"20,06","20,37","20,49","20,03","2,87M","-1,08%"
17.03.2021,"20,28","20,79","21,08","20,28","2,34M","-2,22%"
16.03.2021,"20,74","21,24","21,24","20,73","2,34M","-2,35%"
15.03.2021,"21,24","21,69","21,78","21,15","1,83M","-2,07%"
12.03.2021,"21,69","21,47","21,76","21,30","1,83M","1,40%"
11.03.2021,"21,39","21,58","21,69","21,34","1,84M","-0,33%"
10.03.2021,"21,46","21,24","21,75","21,24","1,61M","1,04%"
09.03.2021,"21,24","21,51","21,58","21,24","1,83M","-0,79%"
08.03.2021,"21,41","21,81","22,17","21,27","1,79M","-1,92%"
05.03.2021,"21,83","21,78","21,95","21,30","2,38M","0,23%"
04.03.2021,"21,78","21,25","21,98","21,08","2,32M","2,49%"
03.03.2021,"21,25","21,02","21,46","20,90","3,03M","1,38%"
02.03.2021,"20,96","20,56","20,98","20,20","3,31M","2,75%"
01.03.2021,"20,40","20,27","20,73","20,20","2,57M","1,69%"
26.02.2021,"20,06","19,11","20,62","19,11","4,34M","1,36%"
25.02.2021,"19,79","20,56","20,66","19,52","3,88M","-2,61%"
24.02.2021,"20,32","21,22","21,24","20,27","3,06M","-5,31%"
23.02.2021,"21,46","21,30","22,10","20,62","3,32M","0,99%"
22.02.2021,"21,25","21,32","21,52","21,08","1,97M","0,47%"
19.02.2021,"21,15","21,19","21,39","20,86","2,94M","0,24%"
18.02.2021,"21,10","21,46","21,54","21,07","2,07M","-1,26%"
17.02.2021,"21,37","22,10","22,26","21,29","2,50M","-3,00%"
16.02.2021,"22,03","22,49","22,63","21,66","2,50M","-1,70%"
15.02.2021,"22,41","21,73","22,46","21,71","1,96M","3,85%"
12.02.2021,"21,58","21,54","21,75","21,15","1,36M","0,42%"
11.02.2021,"21,49","21,80","21,98","21,35","2,88M","-1,42%"
10.02.2021,"21,80","21,80","21,95","21,68","1,95M","0,51%"
09.02.2021,"21,69","21,66","21,83","21,56","1,49M","0,46%"
08.02.2021,"21,59","21,92","21,98","21,41","2,32M","-0,74%"
05.02.2021,"21,75","21,92","22,00","21,59","2,81M","0,28%"
04.02.2021,"21,69","21,19","21,69","21,03","3,33M","2,65%"
03.02.2021,"21,13","20,88","21,64","20,86","3,90M","1,54%"
02.02.2021,"20,81","21,29","21,41","20,78","3,52M","-1,93%"
01.02.2021,"21,22","21,12","21,41","20,95","2,21M","0,57%"
29.01.2021,"21,10","21,13","21,61","20,95","2,90M","-1,26%"
28.01.2021,"21,37","20,79","21,59","20,51","2,55M","2,59%"
27.01.2021,"20,83","22,46","22,51","20,83","4,30M","-7,17%"
26.01.2021,"22,44","22,93","22,99","22,37","1,91M","-2,31%"
25.01.2021,"22,97","23,16","23,33","22,92","1,77M","0,09%"
22.01.2021,"22,95","23,78","23,87","22,37","2,96M","-1,76%"
21.01.2021,"23,36","24,09","24,36","23,36","2,78M","-2,95%"
20.01.2021,"24,07","24,18","24,36","23,92","2,81M","-0,45%"
19.01.2021,"24,18","23,77","24,46","23,77","3,21M","2,03%"
18.01.2021,"23,70","22,77","23,70","22,48","2,83M","4,50%"
15.01.2021,"22,68","23,02","23,39","22,51","4,14M","-2,11%"
14.01.2021,"23,17","22,85","23,48","22,73","3,58M","2,03%"
13.01.2021,"22,71","22,73","23,34","22,51","3,23M","0,89%"
12.01.2021,"22,51","23,12","23,78","22,43","2,39M","-1,92%"
11.01.2021,"22,95","22,26","23,67","22,12","4,56M","3,05%"
08.01.2021,"22,27","21,13","22,51","20,96","5,70M","6,30%"
07.01.2021,"20,95","21,24","21,25","20,88","2,52M","-0,57%"
06.01.2021,"21,07","20,86","21,35","20,86","3,40M","1,59%"
05.01.2021,"20,74","20,39","20,95","20,34","3,99M","1,57%"
04.01.2021,"20,42","19,89","20,56","19,79","4,65M","3,71%"
